skill,category
Python,Programming
Java,Programming
C,Programming
C++,Programming
HTML,Web Development
CSS,Web Development
JavaScript,Web Development
SQL,Database
MySQL,Database
MongoDB,Database
Flask,Web Development
Django,Web Development
Machine Learning,AI & Data Science
Artificial Intelligence,AI & Data Science
Data Science,AI & Data Science
Pandas,AI & Data Science
NumPy,AI & Data Science
Git & GitHub,Tools
AWS,Cloud
Communication Skills,Soft Skills
Public Speaking,Soft Skills
Leadership,Soft Skills